run_id,key,value,step,timestamp
724e71d1493e44f7a70eaed57ca53621,rollout/avg_reward,0.6551667680359969,1,1778793004333
724e71d1493e44f7a70eaed57ca53621,rollout/avg_reward,0.6593576831201062,2,1778793237416
724e71d1493e44f7a70eaed57ca53621,rollout/avg_reward,0.6455859270681685,3,1778793460480
724e71d1493e44f7a70eaed57ca53621,rollout/avg_reward,0.615430595134967,4,1778793672731
724e71d1493e44f7a70eaed57ca53621,rollout/avg_reward,0.62408363735085,5,1778793883266
724e71d1493e44f7a70eaed57ca53621,rollout/avg_reward,0.6464724721154198,6,1778794093459
724e71d1493e44f7a70eaed57ca53621,rollout/avg_reward,0.6097903365844104,7,1778794343792
724e71d1493e44f7a70eaed57ca53621,rollout/avg_reward,0.680285769096372,8,1778794574135
724e71d1493e44f7a70eaed57ca53621,rollout/avg_reward,0.6602241672917444,9,1778794845274
724e71d1493e44f7a70eaed57ca53621,rollout/avg_reward,0.6374706128081016,10,1778795108591
724e71d1493e44f7a70eaed57ca53621,rollout/avg_reward,0.6537382774731668,11,1778795360129
724e71d1493e44f7a70eaed57ca53621,rollout/avg_reward,0.6934045859343314,12,1778795627384
724e71d1493e44f7a70eaed57ca53621,rollout/avg_reward,0.6546525433041097,13,1778795922129
724e71d1493e44f7a70eaed57ca53621,rollout/avg_reward,0.656861118030065,14,1778796191937
724e71d1493e44f7a70eaed57ca53621,rollout/avg_reward,0.6847947168680548,15,1778796462798
724e71d1493e44f7a70eaed57ca53621,rollout/avg_reward,0.7143768794230709,16,1778796748754
724e71d1493e44f7a70eaed57ca53621,rollout/avg_reward,0.6788767566504248,17,1778797002907
724e71d1493e44f7a70eaed57ca53621,rollout/avg_reward,0.6979511404824734,18,1778797270561
724e71d1493e44f7a70eaed57ca53621,rollout/avg_reward,0.6830006979034806,19,1778797558319
724e71d1493e44f7a70eaed57ca53621,rollout/avg_reward,0.6894450623440207,20,1778797927746
724e71d1493e44f7a70eaed57ca53621,rollout/avg_reward,0.675305482440308,21,1778798237176
724e71d1493e44f7a70eaed57ca53621,rollout/avg_reward,0.6755100256159494,22,1778798557871
724e71d1493e44f7a70eaed57ca53621,rollout/avg_reward,0.6172794613448787,23,1778798958470
724e71d1493e44f7a70eaed57ca53621,rollout/avg_reward,0.6801725966961385,24,1778799274707
724e71d1493e44f7a70eaed57ca53621,rollout/avg_reward,0.670639691168617,25,1778799565078
724e71d1493e44f7a70eaed57ca53621,rollout/avg_reward,0.6674259562023508,26,1778799853702
724e71d1493e44f7a70eaed57ca53621,rollout/avg_reward,0.6452454576465243,27,1778800102911
724e71d1493e44f7a70eaed57ca53621,rollout/avg_reward,0.6732469795133511,28,1778800441146
724e71d1493e44f7a70eaed57ca53621,rollout/avg_reward,0.6831138197376276,29,1778800745373
724e71d1493e44f7a70eaed57ca53621,rollout/avg_reward,0.679828563996125,30,1778801027992
724e71d1493e44f7a70eaed57ca53621,rollout/avg_reward,0.6522993806684099,31,1778801333201
724e71d1493e44f7a70eaed57ca53621,rollout/avg_reward,0.6445385449915193,32,1778801608263
724e71d1493e44f7a70eaed57ca53621,rollout/avg_reward,0.6836050372949103,33,1778801860088
724e71d1493e44f7a70eaed57ca53621,rollout/avg_reward,0.7170153924853366,34,1778802160570
724e71d1493e44f7a70eaed57ca53621,rollout/avg_reward,0.6988154739847232,35,1778802476460
724e71d1493e44f7a70eaed57ca53621,rollout/avg_reward,0.639478561537544,36,1778802792556
724e71d1493e44f7a70eaed57ca53621,rollout/avg_reward,0.6770712909383292,37,1778803101599
724e71d1493e44f7a70eaed57ca53621,rollout/avg_reward,0.6672425224969629,38,1778803360515
724e71d1493e44f7a70eaed57ca53621,rollout/avg_reward,0.6929497655182786,39,1778803696286
724e71d1493e44f7a70eaed57ca53621,rollout/avg_reward,0.645069205413165,40,1778803972872
724e71d1493e44f7a70eaed57ca53621,rollout/avg_reward,0.6518313487613341,41,1778804259046
724e71d1493e44f7a70eaed57ca53621,rollout/avg_reward,0.690942349823672,42,1778804560261
724e71d1493e44f7a70eaed57ca53621,rollout/avg_reward,0.6912592608823616,43,1778804830273
724e71d1493e44f7a70eaed57ca53621,rollout/avg_reward,0.6528327457162959,44,1778805114311
724e71d1493e44f7a70eaed57ca53621,rollout/avg_reward,0.638560453975515,45,1778805410282
724e71d1493e44f7a70eaed57ca53621,rollout/avg_reward,0.6619407123544079,46,1778805700847
724e71d1493e44f7a70eaed57ca53621,rollout/avg_reward,0.646441391283588,47,1778806003830
724e71d1493e44f7a70eaed57ca53621,rollout/avg_reward,0.649557869801356,48,1778806333201
724e71d1493e44f7a70eaed57ca53621,rollout/avg_reward,0.66251877083414,49,1778806584836
724e71d1493e44f7a70eaed57ca53621,rollout/avg_reward,0.6801151833660697,50,1778806934186
c517c84dec214cc3aecd9585aa032106,rollout/avg_reward,0.6540170956177462,1,1778807164870
c517c84dec214cc3aecd9585aa032106,rollout/avg_reward,0.6620098120092734,2,1778807447861
c517c84dec214cc3aecd9585aa032106,rollout/avg_reward,0.6472446366933582,3,1778807697581
c517c84dec214cc3aecd9585aa032106,rollout/avg_reward,0.6150911016557075,4,1778807910092
c517c84dec214cc3aecd9585aa032106,rollout/avg_reward,0.6199221035640221,5,1778808125533
c517c84dec214cc3aecd9585aa032106,rollout/avg_reward,0.6403190562414238,6,1778808361126
c517c84dec214cc3aecd9585aa032106,rollout/avg_reward,0.6062279698271595,7,1778808593920
c517c84dec214cc3aecd9585aa032106,rollout/avg_reward,0.6752104880615661,8,1778808830157
c517c84dec214cc3aecd9585aa032106,rollout/avg_reward,0.6653167802687676,9,1778809022761
c517c84dec214cc3aecd9585aa032106,rollout/avg_reward,0.6310639840121439,10,1778809222136
c517c84dec214cc3aecd9585aa032106,rollout/avg_reward,0.6628056098197703,11,1778809400117
c517c84dec214cc3aecd9585aa032106,rollout/avg_reward,0.6946989364696492,12,1778809585060
c517c84dec214cc3aecd9585aa032106,rollout/avg_reward,0.658013278778526,13,1778809769553
c517c84dec214cc3aecd9585aa032106,rollout/avg_reward,0.6602899019890174,14,1778809943418
c517c84dec214cc3aecd9585aa032106,rollout/avg_reward,0.6883316124258272,15,1778810122274
c517c84dec214cc3aecd9585aa032106,rollout/avg_reward,0.7168885462924663,16,1778810306119
c517c84dec214cc3aecd9585aa032106,rollout/avg_reward,0.6828207949656644,17,1778810480260
c517c84dec214cc3aecd9585aa032106,rollout/avg_reward,0.7065832223634061,18,1778810661185
c517c84dec214cc3aecd9585aa032106,rollout/avg_reward,0.6796925479211495,19,1778810852873
c517c84dec214cc3aecd9585aa032106,rollout/avg_reward,0.7024698662244191,20,1778811028698
c517c84dec214cc3aecd9585aa032106,rollout/avg_reward,0.6724030723235046,21,1778811217893
c517c84dec214cc3aecd9585aa032106,rollout/avg_reward,0.6652578860521317,22,1778811391943
c517c84dec214cc3aecd9585aa032106,rollout/avg_reward,0.6273926375070005,23,1778811569227
c517c84dec214cc3aecd9585aa032106,rollout/avg_reward,0.6756923000848474,24,1778811742086
c517c84dec214cc3aecd9585aa032106,rollout/avg_reward,0.677866034591716,25,1778811920379
c517c84dec214cc3aecd9585aa032106,rollout/avg_reward,0.664810755464714,26,1778812102800
c517c84dec214cc3aecd9585aa032106,rollout/avg_reward,0.643478275713278,27,1778812280401
c517c84dec214cc3aecd9585aa032106,rollout/avg_reward,0.6720907811304642,28,1778812456404
c517c84dec214cc3aecd9585aa032106,rollout/avg_reward,0.6841730876985821,29,1778812641193
c517c84dec214cc3aecd9585aa032106,rollout/avg_reward,0.6793382625837694,30,1778812807776
c517c84dec214cc3aecd9585aa032106,rollout/avg_reward,0.6540202190517448,31,1778813000154
c517c84dec214cc3aecd9585aa032106,rollout/avg_reward,0.6403434314088372,32,1778813176615
c517c84dec214cc3aecd9585aa032106,rollout/avg_reward,0.6768322272255318,33,1778813359952
c517c84dec214cc3aecd9585aa032106,rollout/avg_reward,0.7070751742685388,34,1778813534046
c517c84dec214cc3aecd9585aa032106,rollout/avg_reward,0.6949874079073197,35,1778813700181
c517c84dec214cc3aecd9585aa032106,rollout/avg_reward,0.6359088429162512,36,1778813871784
c517c84dec214cc3aecd9585aa032106,rollout/avg_reward,0.6796302712900797,37,1778814051884
c517c84dec214cc3aecd9585aa032106,rollout/avg_reward,0.6575080648253788,38,1778814233206
c517c84dec214cc3aecd9585aa032106,rollout/avg_reward,0.6872434351935226,39,1778814408602
c517c84dec214cc3aecd9585aa032106,rollout/avg_reward,0.6431221407547127,40,1778814585274
c517c84dec214cc3aecd9585aa032106,rollout/avg_reward,0.647368749625457,41,1778814765628
c517c84dec214cc3aecd9585aa032106,rollout/avg_reward,0.6863415867173899,42,1778814949511
c517c84dec214cc3aecd9585aa032106,rollout/avg_reward,0.6847763866499008,43,1778815232117
c517c84dec214cc3aecd9585aa032106,rollout/avg_reward,0.6525829292731942,44,1778815490110
c517c84dec214cc3aecd9585aa032106,rollout/avg_reward,0.638307835564774,45,1778815886763
c517c84dec214cc3aecd9585aa032106,rollout/avg_reward,0.6563810850784648,46,1778816167798
c517c84dec214cc3aecd9585aa032106,rollout/avg_reward,0.6484846002640552,47,1778816456024
c517c84dec214cc3aecd9585aa032106,rollout/avg_reward,0.6579219288360036,48,1778816872234
c517c84dec214cc3aecd9585aa032106,rollout/avg_reward,0.6639541975018801,49,1778817052118
c517c84dec214cc3aecd9585aa032106,rollout/avg_reward,0.6808412226782821,50,1778817229707